{
  "RRS_412_boxcox_lmbda": 0.5097377290929793,
  "RRS_412_standardization_mean": -1.7985533475875854,
  "RRS_412_standardization_std": 0.04190703481435776,
  "RRS_443_boxcox_lmbda": 0.5810764570200081,
  "RRS_443_standardization_mean": -1.6280608177185059,
  "RRS_443_standardization_std": 0.023346906527876854,
  "RRS_490_boxcox_lmbda": 0.9867153342377527,
  "RRS_490_standardization_mean": -1.0078954696655273,
  "RRS_490_standardization_std": 0.0015092383837327361,
  "RRS_510_boxcox_lmbda": 0.07126660573173497,
  "RRS_510_standardization_mean": -4.6750922203063965,
  "RRS_510_standardization_std": 0.13420528173446655,
  "RRS_560_boxcox_lmbda": -1.550519757355995,
  "RRS_560_standardization_mean": -13347.9296875,
  "RRS_560_standardization_std": 4597.56884765625,
  "RRS_665_boxcox_lmbda": -0.8205437169926904,
  "RRS_665_standardization_mean": -1209.28173828125,
  "RRS_665_standardization_std": 387.5070495605469,
  "COSCURRENT_standardization_mean": -0.0537303201854229,
  "COSCURRENT_standardization_std": 0.7176023125648499,
  "SINCURRENT_standardization_mean": -0.03628944605588913,
  "SINCURRENT_standardization_std": 0.6934449076652527,
  "NORMCURRENT_standardization_mean": 0.13985411822795868,
  "NORMCURRENT_standardization_std": 0.1549261510372162,
  "SLA_standardization_mean": 0.04171103611588478,
  "SLA_standardization_std": 0.0858667641878128,
  "SST_standardization_mean": 292.41766357421875,
  "SST_standardization_std": 8.147099494934082,
  "PAR_standardization_mean": 47.637367248535156,
  "PAR_standardization_std": 12.256274223327637,
  "ADT_standardization_mean": 0.22820821404457092,
  "ADT_standardization_std": 0.6072671413421631,
  "FSLE_standardization_mean": -0.0583672821521759,
  "FSLE_standardization_std": 0.06619084626436234,
  "TChla_boxcox_lmbda": -0.21601981706563994,
  "TChla_standardization_mean": -2.0833799839019775,
  "TChla_standardization_std": 1.482558250427246,
  "Micro_Chla_boxcox_lmbda": 0.05582584278241667,
  "Micro_Chla_standardization_mean": -3.1306543350219727,
  "Micro_Chla_standardization_std": 1.6812055110931396,
  "Nano_Chla_boxcox_lmbda": 0.01740487948057893,
  "Nano_Chla_standardization_mean": -2.7849745750427246,
  "Nano_Chla_standardization_std": 1.2767318487167358,
  "Pico_Chla_boxcox_lmbda": 0.2821652480087929,
  "Pico_Chla_standardization_mean": -1.9041825532913208,
  "Pico_Chla_standardization_std": 0.49290984869003296
}