{
  "RRS_412_boxcox_lmbda": 0.45994075843193044,
  "RRS_412_normalization_min": -2.1214606761932373,
  "RRS_412_normalization_max": -1.765594482421875,
  "RRS_443_boxcox_lmbda": 0.5747447822814352,
  "RRS_443_normalization_min": -1.7148526906967163,
  "RRS_443_normalization_max": -1.5549216270446777,
  "RRS_490_boxcox_lmbda": 1.0495008233969072,
  "RRS_490_normalization_min": -0.9522299766540527,
  "RRS_490_normalization_max": -0.9403095245361328,
  "RRS_510_boxcox_lmbda": 0.04724010033298511,
  "RRS_510_normalization_min": -5.954388618469238,
  "RRS_510_normalization_max": -3.64437198638916,
  "RRS_560_boxcox_lmbda": -1.6042879123563,
  "RRS_560_normalization_min": -65770.4921875,
  "RRS_560_normalization_max": -387.3706359863281,
  "RRS_665_boxcox_lmbda": -0.8728322176417284,
  "RRS_665_normalization_min": -3550.2421875,
  "RRS_665_normalization_max": -114.11344146728516,
  "COSCURRENT_normalization_min": -1.0,
  "COSCURRENT_normalization_max": 1.0,
  "SINCURRENT_normalization_min": -1.0,
  "SINCURRENT_normalization_max": 1.0,
  "NORMCURRENT_normalization_min": 0.0005852348986081779,
  "NORMCURRENT_normalization_max": 1.9980064630508423,
  "SLA_normalization_min": -0.565179705619812,
  "SLA_normalization_max": 0.8967000246047974,
  "SST_normalization_min": 271.4375,
  "SST_normalization_max": 304.6374816894531,
  "PAR_normalization_min": 2.2857658863067627,
  "PAR_normalization_max": 69.10677337646484,
  "ADT_normalization_min": -1.300437569618225,
  "ADT_normalization_max": 1.7503937482833862,
  "FSLE_normalization_min": -0.9267102479934692,
  "FSLE_normalization_max": 0.0,
  "TChla_boxcox_lmbda": -0.2120368543305621,
  "TChla_standardization_mean": -2.0317587852478027,
  "TChla_standardization_std": 1.4827258586883545,
  "Micro_Chla_boxcox_lmbda": 0.10948513396286003,
  "Micro_Chla_standardization_mean": -2.743364095687866,
  "Micro_Chla_standardization_std": 1.4599939584732056,
  "Nano_Chla_boxcox_lmbda": 0.019080626466274085,
  "Nano_Chla_standardization_mean": -2.6984033584594727,
  "Nano_Chla_standardization_std": 1.2567758560180664,
  "Pico_Chla_boxcox_lmbda": 0.3116364282546252,
  "Pico_Chla_standardization_mean": -1.832729458808899,
  "Pico_Chla_standardization_std": 0.4317682385444641
}